[
  {
    "title": "A Pretty Little Liar",
    "img": "assets/images/newrelease/a.jpg",
    "details_img": "assets/images/newrelease/a_details.jpg",
    "desc": "To avenge his father's death, a young man leads an army into battle against a cruel tyrant in this Hindi conclusion to the historic saga.",
    "video": "Xx---l5CoMQ",
    "matchPercentage": "95",
    "releaseYear": "2017",
    "ageLimit": "16",
    "seasonNo": "3",
    "content": [
      {
        "key": "Creator",
        "value": "I Malene King"
      },
      {
        "key": "Starring",
        "value": "Troian, Ashely, Lucy"
      },
      {
        "key": "Genres",
        "value": "TV Programmes"
      },
      {
        "key": "Subtitles",
        "value": "English [CC]"
      },
      {
        "key": "Audio Languages",
        "value": "English"
      }
    ]
  },
  {
    "title": "Banking On Bitcoin",
    "img": "assets/images/newrelease/bankingonbitcoin.jpg",
    "details_img": "assets/images/newrelease/bitcoin_details.jpg",
    "desc": "A once-promising wrestler pursues the gold medal he never won by training two of his daughters to compete at the Commonwealth Games.",
    "video": "CTbyaj8Y-Co",
    "matchPercentage": "94",
    "releaseYear": "2015",
    "ageLimit": "13",
    "seasonNo": "2",
    "content": [
      {
        "key": "Creator",
        "value": "Christopher Cannucciar"
      },
      {
        "key": "Genres",
        "value": "Documentary"
      },
      {
        "key": "Subtitles",
        "value": "English [CC]"
      },
      {
        "key": "Audio Languages",
        "value": "English"
      }
    ]
  },
  {
    "title": "Naked",
    "img": "assets/images/newrelease/naked.jpg",
    "details_img": "assets/images/newrelease/naked_details.jpg",
    "desc": "With humanity teetering on the brink of extinction, a group of astronauts travels through a wormhole in search of another inhabitable planet.",
    "video": "nIgeVoVMv90",
    "matchPercentage": "90",
    "releaseYear": "2017",
    "ageLimit": "16",
    "seasonNo": "1",
    "content": [
      {
        "key": "Starring",
        "value": "Marlon Wayans, Dennis, Eliza"
      },
      {
        "key": "Creator",
        "value": "Michale Tiddes"
      },
      {
        "key": "Genres",
        "value": "International Movie, Comedies"
      },
      {
        "key": "Subtitles",
        "value": "English [CC]"
      },
      {
        "key": "Audio Languages",
        "value": "English"
      }
    ]
  },
  {
    "title": "Rustom",
    "img": "assets/images/newrelease/rutstom.jpg",
    "details_img": "assets/images/newrelease/rustom_details.jpg",
    "desc": "After street smart kid Raees rises to become Gujarat's bootlegging king in the 1980s, he tries to balance his life of crime with helping his people.",
    "video": "L83qMnbJ198",
    "matchPercentage": "94",
    "releaseYear": "2015",
    "ageLimit": "13",
    "seasonNo": "2",
    "content": [
      {
        "key": "Starring",
        "value": "Akshay Kumar, Esha Gupta, Pavan Malhotra"
      },
      {
        "key": "Director",
        "value": "Dharmendra"
      },
      {
        "key": "Genres",
        "value": "Crime"
      },
      {
        "key": "Subtitles",
        "value": "English [CC]"
      },
      {
        "key": "Audio Languages",
        "value": "Hindi"
      }
    ]
  },
  {
    "title": "Sand Of Castle",
    "img": "assets/images/newrelease/sandcatle.jpg",
    "details_img": "assets/images/newrelease/sand_cattle_details.jpg",
    "desc": "When a proud general is tasked with winning an unpopular war, he takes the challenge head-on, not knowing that hubris may be his own worst enemy.",
    "video": "8hq28cZ938E",
    "matchPercentage": "90",
    "releaseYear": "2017",
    "ageLimit": "16",
    "seasonNo": "1",
    "content": [
      {
        "key": "Starring",
        "value": "Nicholos Hoult, Logan, Neil"
      },
      {
        "key": "Director",
        "value": "Fernado Coimara"
      },
      {
        "key": "Genres",
        "value": "Internation Movie, British Movie, Adventure"
      },
      {
        "key": "Subtitles",
        "value": "English [CC]"
      },
      {
        "key": "Audio Languages",
        "value": "English"
      }
    ]
  },
  {
    "title": "EL Chapo",
    "img": "assets/images/newrelease/el_chapo.jpg",
    "details_img": "assets/images/newrelease/el_chapo_details.jpg",
    "desc": "This drama series chronicles the true story of the rise, capture and escape of notorious Mexican drug lord Joaquín 'El Chapo' Guzmán.",
    "video": "Xx---l5CoMQ",
    "matchPercentage": "95",
    "releaseYear": "2017",
    "ageLimit": "16",
    "seasonNo": "3",
    "content": [
      {
        "key": "Creator",
        "value": "I Malene King"
      },
      {
        "key": "Starring",
        "value": "Troian, Ashely, Lucy"
      },
      {
        "key": "Genres",
        "value": "TV Programmes"
      },
      {
        "key": "Subtitles",
        "value": "English [CC]"
      },
      {
        "key": "Audio Languages",
        "value": "English"
      }
    ]
  },
  {
    "title": "Now You See Me 2",
    "img": "assets/images/newrelease/now_you_see.jpg",
    "details_img": "assets/images/newrelease/you_see_me_details.jpg",
    "desc": "With a new member in the fold, the Four Horsemen use their power of illusion in a heist involving a shady tycoon and revolutionary tech device.",
    "video": "CTbyaj8Y-Co",
    "matchPercentage": "94",
    "releaseYear": "2015",
    "ageLimit": "13",
    "seasonNo": "2",
    "content": [
      {
        "key": "Creator",
        "value": "Christopher Cannucciar"
      },
      {
        "key": "Genres",
        "value": "Documentary"
      },
      {
        "key": "Subtitles",
        "value": "English [CC]"
      },
      {
        "key": "Audio Languages",
        "value": "English"
      }
    ]
  },
  {
    "title": "Black List",
    "img": "assets/images/newrelease/the_black_list.jpg",
    "details_img": "assets/images/newrelease/the_black_list_details.jpg",
    "desc": "After turning himself in, a brilliant fugitive offers to help the FBI bag other baddies, but only if rookie profiler Elizabeth Keen is his partner.",
    "video": "nIgeVoVMv90",
    "matchPercentage": "90",
    "releaseYear": "2017",
    "ageLimit": "16",
    "seasonNo": "1",
    "content": [
      {
        "key": "Starring",
        "value": "Marlon Wayans, Dennis, Eliza"
      },
      {
        "key": "Creator",
        "value": "Michale Tiddes"
      },
      {
        "key": "Genres",
        "value": "International Movie, Comedies"
      },
      {
        "key": "Subtitles",
        "value": "English [CC]"
      },
      {
        "key": "Audio Languages",
        "value": "English"
      }
    ]
  },
  {
    "title": "The Soul",
    "img": "assets/images/newrelease/the_soul.jpg",
    "details_img": "assets/images/newrelease/the_soul_details.jpg",
    "desc": "This Emmy-nominated prequel to Breaking Bad follows small-time attorney Jimmy McGill as he transforms into morally challenged lawyer Saul Goodman.",
    "video": "L83qMnbJ198",
    "matchPercentage": "94",
    "releaseYear": "2015",
    "ageLimit": "13",
    "seasonNo": "2",
    "content": [
      {
        "key": "Starring",
        "value": "Akshay Kumar, Esha Gupta, Pavan Malhotra"
      },
      {
        "key": "Director",
        "value": "Dharmendra"
      },
      {
        "key": "Genres",
        "value": "Crime"
      },
      {
        "key": "Subtitles",
        "value": "English [CC]"
      },
      {
        "key": "Audio Languages",
        "value": "Hindi"
      }
    ]
  },
  {
    "title": "The World War II",
    "img": "assets/images/newrelease/world_war.jpg",
    "details_img": "assets/images/newrelease/a_details.jpg",
    "desc": "To avenge his father's death, a young man leads an army into battle against a cruel tyrant in this Hindi conclusion to the historic saga.",
    "video": "Xx---l5CoMQ",
    "matchPercentage": "95",
    "releaseYear": "2017",
    "ageLimit": "16",
    "seasonNo": "3",
    "content": [
      {
        "key": "Creator",
        "value": "I Malene King"
      },
      {
        "key": "Starring",
        "value": "Troian, Ashely, Lucy"
      },
      {
        "key": "Genres",
        "value": "TV Programmes"
      },
      {
        "key": "Subtitles",
        "value": "English [CC]"
      },
      {
        "key": "Audio Languages",
        "value": "English"
      }
    ]
  }
]
