{
  "data": [{
    "text": "Web App",
    "expanded": true,
    "children": [
      {
        "text": "app",
        "expanded": true,
        "children": [
          {
            "leaf": true,
            "text": "Application.js"
          }
        ]
      },
      {
        "text": "button",
        "expanded": true,
        "children": [
          {
            "leaf": true,
            "text": "Button.js"
          },
          {
            "leaf": true,
            "text": "Cycle.js"
          },
          {
            "leaf": true,
            "text": "Split.js"
          }
        ]
      },
      {
        "text": "container",
        "expanded": true,
        "children": [
          {
            "leaf": true,
            "text": "ButtonGroup.js"
          },
          {
            "leaf": true,
            "text": "Container.js"
          },
          {
            "leaf": true,
            "text": "Viewport.js",
            "expanded" : false,
            "children":[],
            "lazy":{
              "httpUrl":"data/treeview.json",
              "httpMethod": "get"
            }
          }
        ]
      },
      {
        "text": "core",
        "expanded": true,
        "children": [
          {
            "text": "dom",
            "expanded": false,
            "children": [
              {
                "leaf": true,
                "text": "Element.form.js"
              },
              {
                "leaf": true,
                "text": "Element.static-more.js"
              }
            ]
          }
        ]
      }
    ]
  }]
}
