{
  "data": [
    {
      "task": "Project: Shopping 1",
      "duration": 1325,
      "user": "Tommy Maintz",
      "iconCls": "task-folder",
      "expanded": true,
      "children": [
        {
          "task": "Housewares",
          "duration": 125,
          "user": "Tommy Maintz",
          "iconCls": "task-folder",
          "children": [
            {
              "task": "Kitchen supplies",
              "duration": 25,
              "user": "Tommy Maintz",
              "leaf": true,
              "iconCls": "task"
            },
            {
              "task": "Groceries",
              "duration": 4,
              "user": "Tommy Maintz",
              "leaf": true,
              "iconCls": "task",
              "done": true
            },
            {
              "task": "Cleaning supplies",
              "duration": 4,
              "user": "Tommy Maintz",
              "leaf": true,
              "iconCls": "task"
            },
            {
              "task": "Office supplies",
              "duration": 2,
              "user": "Tommy Maintz",
              "leaf": true,
              "iconCls": "task"
            }
          ]
        },
        {
          "task": "Remodeling",
          "duration": 12,
          "user": "Tommy Maintz",
          "iconCls": "task-folder",
          "expanded": true,
          "children": [
            {
              "task": "Retile kitchen",
              "duration": 65,
              "user": "Tommy Maintz",
              "leaf": true,
              "iconCls": "task"
            },
            {
              "task": "Paint bedroom",
              "duration": 275,
              "user": "Tommy Maintz",
              "iconCls": "task-folder",
              "children": [
                {
                  "task": "Ceiling",
                  "duration": 125,
                  "user": "Tommy Maintz",
                  "iconCls": "task",
                  "leaf": true
                },
                {
                  "task": "Walls",
                  "duration": 15,
                  "user": "Tommy Maintz",
                  "iconCls": "task",
                  "leaf": true
                }
              ]
            },
            {
              "task": "Decorate living room",
              "duration": 275,
              "user": "Tommy Maintz",
              "leaf": true,
              "iconCls": "task",
              "done": true
            },
            {
              "task": "Fix lights",
              "duration": 75,
              "user": "Tommy Maintz",
              "leaf": true,
              "iconCls": "task",
              "done": true
            },
            {
              "task": "Reattach screen door",
              "duration": 2,
              "user": "Tommy Maintz",
              "leaf": true,
              "iconCls": "task"
            }
          ]
        }
      ]
    },
    {
      "task": "Project: Testing",
      "duration": 2,
      "user": "Core Team",
      "iconCls": "task-folder",
      "children": [
        {
          "task": "Mac OSX",
          "duration": 75,
          "user": "Tommy Maintz",
          "iconCls": "task-folder",
          "children": [
            {
              "task": "FireFox",
              "duration": 25,
              "user": "Tommy Maintz",
              "iconCls": "task",
              "leaf": true
            },
            {
              "task": "Safari",
              "duration": 25,
              "user": "Tommy Maintz",
              "iconCls": "task",
              "leaf": true
            },
            {
              "task": "Chrome",
              "duration": 25,
              "user": "Tommy Maintz",
              "iconCls": "task",
              "leaf": true
            }
          ]
        },
        {
          "task": "Windows",
          "duration": 375,
          "user": "Darrell Meyer",
          "iconCls": "task-folder",
          "children": [
            {
              "task": "FireFox",
              "duration": 25,
              "user": "Darrell Meyer",
              "iconCls": "task",
              "leaf": true
            },
            {
              "task": "Safari",
              "duration": 25,
              "user": "Darrell Meyer",
              "iconCls": "task",
              "leaf": true
            },
            {
              "task": "Chrome",
              "duration": 25,
              "user": "Darrell Meyer",
              "iconCls": "task",
              "leaf": true
            },
            {
              "task": "Internet Explorer",
              "duration": 3,
              "user": "Darrell Meyer",
              "iconCls": "task",
              "leaf": true
            }
          ]
        },
        {
          "task": "Linux",
          "duration": 5,
          "user": "Aaron Conran",
          "iconCls": "task-folder",
          "children": [
            {
              "task": "FireFox",
              "duration": 25,
              "user": "Aaron Conran",
              "iconCls": "task",
              "leaf": true
            },
            {
              "task": "Chrome",
              "duration": 25,
              "user": "Aaron Conran",
              "iconCls": "task",
              "leaf": true
            }
          ]
        }
      ]
    },
    {
      "task": "Chrome Leaf",
      "duration": 25,
      "user": "Aaron Conran",
      "leaf": true,
      "children1":[]
    }
  ]
}