{
  "data":[
  {
    "text": "Getting Started",
    "icon" : "fa fa-info fa-fw",
    "routerLink" : "home"

  },
  {
    "text": "Input Components",
    "icon" : "fa fa-text-width fa-fw",
    "childrens": [
      {
        "text": "Text Input",
        "routerLink":"textinput",
        "icon" : "fa fa-file-text-o fa-fw"
      },
      {
        "text": "Email Input",
        "icon" : "fa fa-envelope-o fa-fw",
        "routerLink":"emailinput"

      },
      {
        "text": "Password Input",
        "icon" : "fa fa-text-width fa-fw",
        "routerLink":"passwordinput"
      },
      {
        "text": "Number Input",
        "icon" : "fa fa-phone fa-fw",
        "routerLink":"numberinput"
      },
      {
        "text": "TextArea Input",
        "icon" : "fa fa-text-width fa-fw",
        "routerLink":"textareainput"
      },
      {
        "text": "Checkbox",
        "icon" : "fa fa-text-width fa-fw",
        "routerLink":"checkbox"
      },
      {
        "text": "Radio Group",
        "icon" : "fa fa-stop-circle-o fa-fw",
        "routerLink":"radiogroup"
      },
      {
        "text": "Type Ahead",
        "icon" : "fa fa-search-minus fa-fw",
        "routerLink":"typeahead"
      },
      {
        "text": "List Box",
        "icon" : "fa fa-list",
        "routerLink":"listbox"
      }

    ]
  },
    {
      "text": "DropDown",
      "icon" : "fa fa-caret-square-o-down fa-fw",
      "childrens": [
        {
          "text": "Basic",
          "icon" : "fa fa-caret-down fa-fw",
          "routerLink":"dropdownbasic"
        },
        {
          "text": "Filter Search",
          "icon" : "fa fa-arrow-circle-down fa-fw",
          "routerLink":"dropdwnsearch"
        },
        {
          "text": "Multi Select",
          "icon" : "fa fa-chevron-circle-down fa-fw",
          "routerLink":"dropdwnmulti"
        }

      ]
    },
    {
      "text": "Data Grid",
      "icon" : "fa fa-database fa-fw",
      "childrens": [
        {
          "text": "Data Grid",
          "icon" : "fa fa-table fa-fw",
          "routerLink":"datagrid"
        },
        {
          "text": "Data Grid Template",
          "icon" : "fa fa-table fa-fw",
          "routerLink":"datagridtemplate"
        },
        {
          "text": "Data Grid Filter",
          "icon" : "fa fa-table fa-fw",
          "routerLink":"datagridfilter"
        },
        {
          "text": "Data Grid Group By",
          "icon" : "fa fa-table fa-fw",
          "routerLink":"datagridgroupby"
        },
        {
          "text": "Data Grid with scroll",
          "icon" : "fa fa-table fa-fw",
          "routerLink":"datagridscroll"
        },
        {
          "text": "Tree Data Grid",
          "icon" : "fa fa-table fa-fw",
          "routerLink":"treedatagrid"
        }
      ]
    },
    {
      "text": "Tree",
      "icon" : "fa fa-tree fa-fw",
      "childrens": [
        {
          "text": "Tree View",
          "icon" : "fa fa-align-center fa-fw",
          "routerLink":"simpletree"
        },
        {
          "text": "Tree View with Template",
          "icon" : "fa fa-align-center fa-fw",
          "routerLink":"treetemplate"
        },
        {
          "text": "Tree View with Filter",
          "icon" : "fa fa-align-center fa-fw",
          "routerLink":"filtertree"
        },
        {
          "text": "Tree View with Checkbox ",
          "icon" : "fa fa-align-center fa-fw",
          "routerLink":"checktree"
        }

      ]
    },
    {
      "text": "Carousel View",
      "icon" : "fa fa-desktop fa-fw ",
      "childrens": [
        {
          "text": "Image Carousel",
          "icon" : "fa fa-laptop fa-fw",
          "routerLink":"imagecarousel"
        },
        {
          "text": "Content Carousel",
          "icon" : "fa fa-television fa-fw",
          "routerLink":"contentcarousel"
        }

      ]
    },
    {
      "text": "Buttons",
      "icon" : "fa fa-keyboard-o fa-fw",
      "childrens": [
        {
          "text": "Button",
          "icon" : "fa fa-building-o fa-fw",
          "routerLink":"button"
        },
        {
          "text": "ButtonGroup",
          "icon" : "fa fa-newspaper-o fa-fw",
          "routerLink":"buttongroup"
        },
        {
          "text": "Button Dropdown",
          "icon" : "fa fa-building fa-fw",
          "routerLink":"buttondropdown"
        },
        {
          "text": "Button Split Dropdown",
          "icon" : "fa fa-building-o fa-fw",
          "routerLink":"drpdwnsplitbtn"
        }

      ]
    },
    {
      "text": "Form Utilities",
      "icon" : "fa fa-clone fa-fw",
      "childrens": [
        {
          "text": "Rating",

          "icon" : "fa fa-star-half-empty fa-fw",
          "routerLink":"rating"
        },
        {
          "text": "Progress Bar",
          "icon" : "fa fa-spinner fa-fw",
          "routerLink":"progress"
        },
        {
          "text": "Item Selector",
          "icon" : "fa fa-exchange fa-fw",
          "routerLink":"itemselector"
        },
        {
          "text": "Date & Time Picker",
          "icon" : "fa fa-calendar fa-fw",
          "routerLink":"datetime"
        },
        {
          "text": "Paginator",
          "icon": "fa fa-arrows-h",
          "routerLink" : "paginator"
        },
        {
          "text": "Notification",
          "icon" : "fa fa-bell fa-fw",
          "routerLink":"notify"
        }

      ]
    },
    {
      "text": "Tab Pane",
      "icon" : "fa fa-folder fa-fw",
      "childrens": [
        {
          "text": "Horizontal",
          "icon" : "fa fa-indent fa-fw",
          "childrens":[
            {
              "text": "Basic",
              "routerLink":"basictab"
            },
            {
              "text": "Closable",
              "routerLink":"closabletab"
            },
            {
              "text": "Tab with Icon",
              "routerLink":"tabwithicon"
            },
            {
              "text": "Scrollable",
              "routerLink":"scrollingtab"
            }
          ]
        },
        {
          "text": "Vertical",
          "icon" : "fa fa-outdent fa-fw",
          "childrens":[
            {
              "text": "Left Aligned",
              "routerLink":"verticaltab"
            },
            {
              "text": "Right Aligned",
              "routerLink":"rightalignedtab"
            },
            {
              "text": "90 Degree Rotation",
              "routerLink":"veticaltext"
            }
          ]
        }

      ]
    },
    {
      "text": "Menu Bar",
      "icon" : "fa fa-bars fa-fw",
      "childrens": [
        {
          "text": "Horizontal",
          "icon" : "fa fa-indent fa-fw",
          "childrens":[
            {
              "text": "Simple Menu bar",
              "routerLink":"menubar"
            },
            {
              "text": "Menu bar with Template",
              "routerLink":"navbartemp"
            },
            {
              "text": "Menu bar at Bottom",
              "routerLink":"menubarbottom"
            }
          ]
        },
        {
          "text": "Vertical",
          "icon" : "fa fa-outdent fa-fw",
          "childrens":[
            {
              "text": "Side Menu Bar",
              "routerLink":"sidemenubar"
            },
            {
              "text": "Side Menu Bar with template",
              "routerLink":"sidemenutemp"
            },
            {
              "text": "Right Side Menu Bar",
              "routerLink":"rightsidemenu"
            }
          ]
        }

      ]
    },
    {
      "text" : "Panels",
      "icon" : "fa fa-windows",
      "childrens":[{
        "text":"Window",
        "icon":"fa fa-window-maximize",
        "childrens":[{
            "text" : "Basic",
            "routerLink" : "basicwindow"
        },{
            "text" : "Large/Small Window",
            "routerLink" : "sizewindow"
        }]
      },{
        "text" : "Card",
        "icon" : "fa fa-id-card-o",
        "childrens":[{
          "text" : "Form",
          "routerLink":"formcard"
        },{
          "text" : "Image",
          "routerLink" : "imagecard"
        }]
      },{
        "text":"Dialog",
        "icon":"fa fa-window-maximize",
        "childrens":[{
          "text" : "Confirm",
          "routerLink" : "confirmdialog"
        },{
          "text" : "Alert",
          "routerLink" : "alertdialog"
        }]
      }]
    }

]}
